{
  "schema_version": 1,
  "mode": "full",
  "source": "UCI Bike Sharing",
  "n_train": 9991,
  "n_cal": 2583,
  "n_test": 4257,
  "n_features": 19,
  "seasonal_scale": 53.717745971374,
  "selected_method": "random_forest",
  "methods": {
    "seasonal_naive": {
      "mase": 1.485242612521,
      "mae": 79.783885365281,
      "rmse": 133.273397381519,
      "smape": 41.929241729553,
      "interval_coverage": 0.909090909091,
      "mean_interval_width": 395.066478740897,
      "winkler_score": 615.667841202725
    },
    "ridge": {
      "mase": 1.111072071919,
      "mae": 59.684287315255,
      "rmse": 93.26302932418,
      "smape": 39.274755525741,
      "interval_coverage": 0.894996476392,
      "mean_interval_width": 262.212472797252,
      "winkler_score": 431.939701772259
    },
    "random_forest": {
      "mase": 1.154339460673,
      "mae": 62.008513913166,
      "rmse": 97.974710812578,
      "smape": 32.303664213071,
      "interval_coverage": 0.892412497064,
      "mean_interval_width": 281.698958345536,
      "winkler_score": 459.382948798502
    },
    "hist_gradient_boosting": {
      "mase": 1.235181696664,
      "mae": 66.351176609887,
      "rmse": 102.65074116673,
      "smape": 41.486861350409,
      "interval_coverage": 0.883251115809,
      "mean_interval_width": 285.249480170678,
      "winkler_score": 473.713528359242
    }
  },
  "comparisons": {
    "ridge": {
      "improvement_mean": 0.363718649434,
      "ci_lower": 0.238977307237,
      "ci_upper": 0.489158914692,
      "ci_level": 0.95,
      "n_samples": 10000,
      "bootstrap_probability_improvement": 1.0
    },
    "random_forest": {
      "improvement_mean": 0.323811878619,
      "ci_lower": 0.206056483679,
      "ci_upper": 0.443497569823,
      "ci_level": 0.95,
      "n_samples": 10000,
      "bootstrap_probability_improvement": 1.0
    },
    "hist_gradient_boosting": {
      "improvement_mean": 0.23892357013,
      "ci_lower": 0.105523320122,
      "ci_upper": 0.373945903458,
      "ci_level": 0.95,
      "n_samples": 10000,
      "bootstrap_probability_improvement": 0.9998
    }
  },
  "calibration_mase": {
    "seasonal_naive": 1.552925677452,
    "ridge": 1.176065290496,
    "random_forest": 1.128812322658,
    "hist_gradient_boosting": 1.132709715523
  }
}
